FirstName,LastName,Email,Username
Mildred,Carrodus,mcarrodus0@e-recht24.de,ASSESSOR1
Annemarie,Cholton,acholton1@marketwatch.com,ASSESSOR2
Dody,Kennington,dkennington2@gizmodo.com,ASSESSOR3
Cyndia,McAulay,cmcaulay3@npr.org,ASSESSOR4
Ashli,Mullin,amullin4@list-manage.com,ASSESSOR5
Elayne,Lohan,elohan5@posterous.com,ASSESSOR6
Ange,Attarge,aattarge6@gravatar.com,ASSESSOR7
Ashleigh,Rodolico,arodolico7@istockphoto.com,ASSESSOR8
Gizela,Agates,gagates8@ft.com,ASSESSOR9
Karen,Edney,kedney9@wisc.edu,ASSESSOR10
Bell,Lauthian,blauthiana@cpanel.net,ASSESSOR11
Gigi,Meffan,gmeffanb@mlb.com,ASSESSOR12
Zsa zsa,Petworth,zpetworthc@sogou.com,ASSESSOR13
Wallache,Darnell,wdarnelld@trellian.com,ASSESSOR14
Pearce,McAsgill,pmcasgille@icio.us,ASSESSOR15
Marcelia,Kivelhan,mkivelhanf@youtu.be,ASSESSOR16
Kattie,Gatward,kgatwardg@bbb.org,ASSESSOR17
Dennis,Clowton,dclowtonh@weebly.com,ASSESSOR18
Eben,Jancy,ejancyi@behance.net,ASSESSOR19
Enoch,Dowthwaite,edowthwaitej@nationalgeographic.com,ASSESSOR20
