FirstName,LastName,Email,Username,CompanyName
Orel,Lauret,olauret0@simplemachines.org,employer1,Myworks
Viviana,Marzella,vmarzella1@bloglovin.com,employer2,Gigazoom
Zola,Darte,zdarte2@tinyurl.com,employer3,Voonix
Vinni,Piscot,vpiscot3@xinhuanet.com,employer4,Divape
Samantha,Trice,strice4@wikimedia.org,employer5,Aimbo
Roseann,Muxworthy,rmuxworthy5@kickstarter.com,employer6,Jabbersphere
Sallyanne,Rodie,srodie6@opera.com,employer7,Rhybox
Jessika,Eborall,jeborall7@noaa.gov,employer8,Gigabox
Baryram,Paunsford,bpaunsford8@vkontakte.ru,employer9,Brainbox
Logan,Trevascus,ltrevascus9@github.io,employer10,Mydeo
Xymenes,Findlow,xfindlowa@ask.com,employer11,Yamia
Opaline,Einchcombe,oeinchcombeb@globo.com,employer12,Yozio
Lloyd,Schutt,lschuttc@phoca.cz,employer13,Mydo
Daniele,Charrett,dcharrettd@creativecommons.org,employer14,Dablist
Aloysia,Grgic,agrgice@typepad.com,employer15,Quatz
Sapphira,Beach,sbeachf@cmu.edu,employer16,Devpulse
Tomlin,Garnett,tgarnettg@live.com,employer17,Shufflester
Cecily,Moxsom,cmoxsomh@instagram.com,employer18,Rhyzio
Dixie,Lucian,dluciani@storify.com,employer19,Kare
Vic,Heinzel,vheinzelj@trellian.com,employer20,Thoughtstorm
